file_name,class,spoof_type,printed_type,captured_device,replayed_device
46f5aef1-4b96-41a5-9cbd-f4a9deadc361.jpg,0,,,OnePlus6,
f58646dd-2b89-4c79-ba07-e435b5c628c8.jpg,0,,,OnePlus6,
51fb45cb-025b-43bb-b63f-0e32cd60cc4e.jpg,0,,,OnePlus6,
485baeb2-0078-47e7-9c68-bf8d79ede350.jpg,0,,,OnePlus6,
993e1c88-f676-48e6-867e-1fc9e4cd1e67.jpg,0,,,OnePlus6,
1159a28b-2ee6-4921-99d4-e0200f9f7352.jpg,0,,,OnePlus6,
7b123d47-0e71-4980-a5c6-78e65407b143.jpg,0,,,OnePlus6,
dc4358ac-56aa-4ee4-8ac6-5b107a0b9201.jpg,0,,,OnePlus6,
d635f8c8-5df1-4a22-a812-4fc70c5e8776.jpg,0,,,OnePlus6,
1724b728-9653-40f6-9bfc-b536c7c9d410.jpg,0,,,OnePlus6,
55538e02-9633-42c2-a0f7-0ecdd4bbcd5e.jpg,0,,,OnePlus6,
79303ba5-58d2-4eea-8ea3-4ed7c484714d.jpg,0,,,OnePlus6,
16a6b0c6-084a-44b6-b5d4-cbf2200829ce.jpg,0,,,OnePlus6,
66504058-1707-4ab0-abcf-cc34d99dbb4e.jpg,0,,,OnePlus6,
569c0524-865c-48b5-b7b6-c6782c163bad.jpg,0,,,OnePlus6,
25c24d0e-dfde-43d2-8336-4833ca0efb48.jpg,0,,,OnePlus6,
0b88478c-cb66-438e-a857-f9204a5115d2.jpg,0,,,OnePlus6,
8a4695a3-001c-4a9a-87cc-824100a06c6a.jpg,0,,,OnePlus6,
15f36dd4-5283-45f1-adb7-a487ecbe7c13.jpg,0,,,OnePlus6,
abadbca2-f15a-4b0e-b5f6-a5fa96a5a8e0.jpg,0,,,OnePlus6,
973ce7e7-7fb2-43f1-8e44-62e92d31158f.jpg,0,,,OnePlus6,
8b033935-51b3-4b0e-89c6-393d5301cb7f.jpg,0,,,OnePlus6,
c2fc4269-a057-4359-b029-14a703f2926c.jpg,0,,,OnePlus6,
1474f032-a2a2-47c9-95e1-ba557d621138.jpg,0,,,OnePlus6,
5bfe391a-fa75-4a5b-912f-19675e34b923.jpg,0,,,OnePlus6,
def3d7be-3d59-4bfc-8fc6-6cb8b1a2a375.jpg,0,,,OnePlus6,
490fa122-728d-49f6-b545-1be848bd73d6.jpg,0,,,OnePlus6,
a0d175c5-675f-451f-b854-bdf8ab4f8d55.jpg,0,,,OnePlus6,
aa2a0e10-4e47-4de6-a660-5680e4525270.jpg,0,,,OnePlus6,
d38d80b6-4b99-4cd2-b96c-ad0f4a4c40ff.jpg,0,,,OnePlus6,
e293d94c-7be4-4f72-822b-7e4c1a2c0822.jpg,0,,,OnePlus6,
c62f84c6-ac21-4167-9b8a-1b85dd3117f3.jpg,0,,,OnePlus6,
d66462b9-44ad-46df-8cdb-47e3161d20a9.jpg,0,,,OnePlus6,
14306677-5a0d-4f00-a536-47ecaa98deaa.jpg,0,,,OnePlus6,
7876d669-730c-46b6-bc44-9ecf73eeb916.jpg,0,,,OnePlus6,
2c3c8c33-231a-4cfd-8bc7-b0a5468ad005.jpg,0,,,OnePlus6,
d17fa0a5-c682-4db0-bb3c-c2e8f4baf7c9.jpg,0,,,OnePlus6,
ffa992d6-7687-442d-b49f-d0f19bd6dac7.jpg,0,,,OnePlus6,
b30c3892-ddb0-43ef-9e0c-a68e9e101a0d.jpg,0,,,OnePlus6,
b1c5d442-f64b-4ce1-94fa-d1bc6dd26dde.jpg,0,,,OnePlus6,
908de7ab-7de9-444e-b7e7-a05ae8f3a4a9.jpg,0,,,OnePlus6,
b95ef5ce-bd43-424b-833d-b6017cee10fd.jpg,0,,,redmi-note-6-pro,
75efac8a-5638-4bbe-a9a5-9678758add81.jpg,0,,,redmi-note-6-pro,
32d161bf-5a6b-4910-96f3-cc672e306f6d.jpg,0,,,redmi-note-6-pro,
96e385d4-bc45-4cb3-adee-bf4636785143.jpg,0,,,redmi-note-6-pro,
d651e4ef-a2a3-44e2-944a-ebaf58d7a30f.jpg,0,,,redmi-note-6-pro,
90b4c43e-01ec-4883-823c-ee28dc5e923b.jpg,0,,,redmi-note-4x,
5370c64d-1d6f-49d5-9ee1-402373ab9921.jpg,0,,,redmi-note-4x,
cf93a07e-5b21-404e-8bdb-43d2ec476bcd.jpg,0,,,redmi-note-4x,
d1ed8bfd-8deb-4491-8e92-cb379ab76ffe.jpg,0,,,redmi-note-4x,
a7bb0b28-fd7e-45fa-829e-eda54e8e8b16.jpg,0,,,redmi-note-4x,
48634766-0cee-4026-b50d-2b356fbaa53f.jpg,0,,,redmi-note-4x,
61d9f409-6c23-4081-af3d-a48de7fa0fd3.jpg,0,,,redmi-note-4x,
1c0ea72a-2056-4aa3-ad03-3b19528b70d4.jpg,0,,,redmi-note-4x,
af35d795-e233-46ad-b998-11c9b8445fd4.jpg,0,,,redmi-note-4x,
c6523887-939e-497a-956c-e1f7e4702604.jpg,0,,,redmi-note-4x,
58276796-9844-42f8-8d43-7692f59f4426.jpg,0,,,redmi-note-4x,
2b3d4550-ee30-48cb-a42d-8143df54dfc7.jpg,0,,,redmi-note-4x,
0284a017-6fae-4fe3-82aa-319cd7a59420.jpg,0,,,redmi-note-4x,
cd3348d8-1da4-449d-84e3-a90e96b2fa34.jpg,0,,,redmi-note-4x,
679ca27a-b2be-411e-afd7-c421f68965f7.jpg,0,,,redmi-note-4x,
48213853-3def-4505-9471-683dd025f248.jpg,0,,,redmi-note-4x,
66c5e698-75db-4a58-bff5-86bac53b0c87.jpg,0,,,redmi-note-4x,
a972d480-9341-427f-8c58-f20faebae2c0.jpg,0,,,redmi-note-4x,
06a66f52-81ef-49d1-abda-d1418cb7f93f.jpg,0,,,redmi-note-4x,
a190369b-ff24-4300-aab4-c6e3511bb122.jpg,0,,,redmi-note-4x,
c667c1eb-5611-4b8a-828c-bf415fb3a77d.jpg,0,,,redmi-note-4x,
147d9560-8591-4797-a420-ee4c0764da9b.jpg,0,,,redmi-note-4x,
58b734fa-ad69-4f4c-9e00-a27eaa3e383f.jpg,0,,,redmi-note-4x,
fc32d79e-8972-4c5c-9a92-118d4ad51bc0.jpg,0,,,redmi-note-4x,
c7eba79e-7991-46ea-b59c-c94a81640df1.jpg,0,,,redmi-note-4x,
971824f5-69c9-4a74-ad7c-66dae46c533f.jpg,0,,,redmi-note-4x,
e414a57a-cf60-4dd6-9442-b614e9982326.jpg,0,,,redmi-note-4x,
6ed74dca-d49e-4b9a-9258-a764dafc4f13.jpg,0,,,redmi-note-4x,
2a82d3d8-cabf-49a1-8d61-c43d39f2285c.jpg,0,,,redmi-note-4x,
4f9d0121-4a21-401e-9e86-ea29e2541cd7.jpg,0,,,redmi-note-4x,
c3a5b5b0-2990-42c8-b6e9-f903b44a9aba.jpg,0,,,redmi-note-4x,
e297b53e-031e-4980-b502-f3a55f67304d.jpg,0,,,redmi-note-4x,
60a1fe20-6b44-4c49-9605-a4a3235da8d5.jpg,0,,,redmi-note-4x,
82216478-74bc-4261-8d11-07c10db2d6a3.jpg,0,,,redmi-note-4x,
9cd12730-47dd-4d2b-af23-2227a6f89e83.jpg,0,,,redmi-note-4x,
48c5e849-a987-4520-ad09-13cf90f66aa8.jpg,0,,,redmi-note-4x,
5d2f7249-6aab-4dae-99c3-a624a74ba54d.jpg,0,,,redmi-note-4x,
926a67fe-6058-4c45-ae2b-e676d4eb4aec.jpg,0,,,redmi-note-4x,
eb47ae00-4193-46b5-a9c2-55355ca359f5.jpg,0,,,redmi-note-4x,
47411e22-05bd-4876-beec-433621b00407.jpg,0,,,redmi-note-4x,
4b5c86e3-a491-4445-96fa-a50b426a4eea.jpg,0,,,redmi-note-4x,
ad826f1e-b214-4b80-b727-4c6be2827141.jpg,0,,,redmi-note-4x,
fc136cec-3649-4e42-9393-693c13a1a12c.jpg,0,,,redmi-note-4x,
fe1d2ecf-ae61-4e45-b436-5bc1d40e029f.jpg,0,,,redmi-note-4x,
ce6badc8-bc7d-42a5-b9b5-c9c5ecaa7e9b.jpg,0,,,redmi-note-4x,
86edeec1-a323-488b-a1bb-9d8ba4166402.jpg,0,,,redmi-note-4x,
98473cba-3059-4122-b2da-d4a45a1ae362.jpg,0,,,redmi-note-4x,
8ac1051a-7a7c-40de-8b20-2638868e2e78.jpg,0,,,redmi-note-4x,
83ae6856-d698-442f-9403-949c9a527c6b.jpg,0,,,redmi-note-4x,
cfc6c352-f5e8-48b2-ba8d-af0c0ac8de65.jpg,0,,,redmi-note-4x,
00c9f6a9-73f0-4897-b73d-08f6f73f209c.jpg,0,,,redmi-note-4x,
50095113-df4a-4f08-a477-8ff5794b865d.jpg,0,,,redmi-note-4x,
0aad47a3-128d-4f45-91bc-4f7d67cd863e.jpg,0,,,redmi-note-4x,
e2792067-b698-4757-b696-c2535c69870c.jpg,0,,,redmi-note-4x,
38443ef7-fd4f-49a0-9ba9-efa687ee6375.jpg,0,,,redmi-note-4x,
5b5c5c83-08e8-41ac-8c64-4902f7ebb1a1.jpg,0,,,redmi-note-4x,
c524ef6b-c1d4-466e-8cf1-2c2b3f21a284.jpg,0,,,redmi-note-4x,
de0d4734-beab-4272-9f9e-6334fea6b856.jpg,0,,,redmi-note-4x,
a2f5705d-98d6-4fa4-bbd6-5d3915277142.jpg,0,,,redmi-note-4x,
0975ecfe-e18f-4c9e-a460-f6b0fdb89c13.jpg,0,,,redmi-note-4x,
3c1aa71d-f1b7-41db-a367-4d6b5f0fd4f5.jpg,0,,,redmi-note-4x,
153ea6da-67ca-450a-98bd-63e59f61a14e.jpg,0,,,redmi-note-4x,
207b9c98-2a3e-4e37-85cf-ef63e9a64e44.jpg,0,,,redmi-note-4x,
4c1c24fd-eeb1-4308-a045-61d7cf8a48e9.jpg,0,,,redmi-note-4x,
25bbd16d-261a-451b-b274-67bea3f9ef32.jpg,0,,,redmi-note-4x,
a87dd536-9044-4698-b41c-9fe6f5c929b5.jpg,0,,,redmi-note-4x,
2d57b828-2c29-4bc1-9fb5-adce2b3c622f.jpg,0,,,redmi-note-4x,
d1872947-76bf-4f8d-9596-66a929fd3b6b.jpg,0,,,redmi-note-4x,
653cd77d-a85f-49a2-8f09-725da0831330.jpg,0,,,redmi-note-4x,
ba5bdb6b-9ab6-4948-83aa-d5d97e8d156b.jpg,0,,,redmi-note-4x,
7abb30e1-d79e-4b0a-958e-36c13293ab69.jpg,0,,,redmi-note-4x,
b071bec9-d8c7-449f-981a-f392b984c9b8.jpg,0,,,redmi-note-4x,
3bcfe58b-239b-4e97-b4df-7b81ed57a54c.jpg,0,,,redmi-note-4x,
5bb19d3d-f36e-4486-b736-6e0060e5ef90.jpg,0,,,redmi-note-4x,
e0686127-d7a9-4e68-a63a-9e938337f83d.jpg,0,,,redmi-note-4x,
1b59d934-9b59-446b-88c7-a60dd135709c.jpg,0,,,redmi-note-4x,
f04f3539-12cd-479f-a93f-74e840aaa3c6.jpg,0,,,redmi-note-4x,
08db6c11-bd77-4710-8165-c151067fb1b7.jpg,0,,,redmi-note-4x,
ab3f6976-78b3-4dff-96ef-9b21a4cb28fa.jpg,0,,,redmi-note-4x,
6cd77949-67df-45a5-8db2-56252d198d42.jpg,0,,,redmi-note-4x,
efc0e1fb-d3a8-41b2-9119-18c219f3a6f1.jpg,0,,,redmi-note-4x,
ee74caee-7321-4b66-a846-6e0cd3614452.jpg,0,,,redmi-note-4x,
8a09d47a-45a9-40b0-b1c5-e925657ef05d.jpg,0,,,redmi-note-4x,
6967f120-8aa4-47da-8875-7d743c0c42c8.jpg,0,,,redmi-note-4x,
538f6afc-c306-4f2d-83a8-9e8e2f50a6f7.jpg,0,,,redmi-note-4x,
23b92828-69b5-4e5b-b086-742097cb68fa.jpg,0,,,redmi-note-4x,
17b8d9e3-30b1-454c-aedf-57b47ec1c964.jpg,0,,,redmi-note-4x,
8349b81e-fb5e-4f88-b5e2-c64f3ef06fd0.jpg,0,,,redmi-note-4x,
b67595e9-2258-4aaa-a6a2-bc05bb5cd99c.jpg,0,,,redmi-note-4x,
5be9af72-79f4-4f8b-848a-962e840a6397.jpg,0,,,redmi-note-4x,
a57b2f47-90a8-42c0-835c-e121c3365dbc.jpg,0,,,redmi-note-4x,
ea0e2860-22b0-4ef7-ae90-3bf3805eb594.jpg,0,,,redmi-note-4x,
c784f295-a195-4bf9-aed6-ea5d2b4dcb04.jpg,0,,,redmi-note-4x,
e76295e0-9b87-4a0d-92fb-e0bd1c8c6998.jpg,0,,,redmi-note-4x,
84837cbc-1f66-4b16-b335-4141c71fd18e.jpg,0,,,redmi-note-4x,
561e7c42-4379-442e-8978-74f94bb14968.jpg,0,,,redmi-note-4x,
24d6b72b-a70b-411a-a90a-6f7ed793d2db.jpg,0,,,redmi-note-4x,
6cb3d044-0d5e-46ae-a9fe-95c11158e4ed.jpg,0,,,redmi-note-4x,
17aabf98-9365-4a75-8f86-c4f0bffeb78b.jpg,0,,,redmi-note-4x,
a8e6153c-c407-47a8-974d-3293ee546a92.jpg,0,,,redmi-note-4x,
0064cb5f-bc40-4631-b478-c0e9491c0313.jpg,0,,,redmi-note-4x,
10ce6519-d41d-438f-8bc8-14be36297441.jpg,0,,,redmi-note-4x,
6fdf94d6-0de4-49c0-9b7f-368a5f27e642.jpg,0,,,redmi-note-4x,
738eda7b-996e-4442-aed8-2ce44db27d52.jpg,0,,,redmi-note-4x,
76f6c4fc-56bf-473d-bc3a-208ca4f1bc28.jpg,0,,,redmi-note-4x,
a82757a9-7b8c-4f27-a2d3-18dcb5d87468.jpg,0,,,redmi-note-4x,
3246e2ce-13eb-4f18-8b90-9ac80cdf639d.jpg,0,,,redmi-note-4x,
1d144ea7-6185-43d7-a0fc-a18662c449c6.jpg,0,,,redmi-note-4x,
2bf865fb-c4c9-474b-9ee5-140861bd5d8a.jpg,0,,,redmi-note-4x,
b0bc20d8-2a8b-47b8-97ae-0edff82ef710.jpg,0,,,redmi-note-4x,
bd8c25eb-a43f-465a-9161-cfb3c5cb0c5c.jpg,0,,,redmi-note-4x,
a81f3f02-adb9-48e1-9614-9f810e779344.jpg,0,,,redmi-note-4x,
728ea6f7-1b1c-49a5-aa19-e46d7bc27c08.jpg,0,,,redmi-note-4x,
fbba7a8d-6c0c-406b-8cd7-8d23ba85c8b9.jpg,0,,,redmi-note-4x,
dbb1ca54-ce04-4961-8391-6baf140d92f5.jpg,0,,,redmi-note-4x,
147fbbd6-2184-4235-923f-1dc44c82b29f.jpg,0,,,redmi-note-4x,
3eca19e8-1558-4ce0-a21f-bf8c24dab814.jpg,0,,,redmi-note-4x,
504d3ddb-d8f9-4eba-ae05-94c9fa402d50.jpg,0,,,redmi-note-4x,
61f0fdc9-e90f-42cc-ac3c-b868ab16f154.jpg,0,,,redmi-note-4x,
b4afa863-4452-4f0f-80bc-092d0bffead2.jpg,0,,,redmi-note-4x,
1a0d5107-7483-456e-b237-75520bc977e6.jpg,0,,,redmi-note-4x,
a6390452-38b4-4d22-9304-c416ef32e748.jpg,0,,,webcam,
1b5adfd6-f369-4a7d-9a74-b58280776145.jpg,0,,,webcam,
d035613b-8f44-42ab-9f75-2ff6854c0165.jpg,0,,,webcam,
13d33e31-8919-4bbf-88f5-f407ea6db11d.jpg,0,,,webcam,
51b66e1f-4afc-4bae-a896-51a7cd304f8f.jpg,0,,,webcam,
55703271-f442-44c2-92b3-2a896c04dcd5.jpg,0,,,webcam,
7ea5f444-11f7-44b9-80bd-75cf410e84c2.jpg,0,,,webcam,
4e3fe1fe-9542-40f8-95ef-b13e12166e47.jpg,0,,,webcam,
9549982d-5dfc-45d3-a8d8-23d4e4096ca3.jpg,0,,,webcam,
094ce84b-7a58-4067-a347-135125c8f812.jpg,0,,,webcam,
58f19242-e5aa-49c9-9d35-3aa64000d732.jpg,0,,,webcam,
8d020f3c-cf0b-44cd-9634-b225700453e3.jpg,0,,,webcam,
c5b57195-56e6-4c92-8858-617ad2a76ac2.jpg,0,,,webcam,
71c589d1-4189-4f4e-a4d6-28f74bb3e37c.jpg,0,,,webcam,
d124902c-7a4c-4e55-8aa8-555efcf1e4b3.jpg,0,,,webcam,
07253389-a3eb-4ad3-a4f3-9fc9ce564133.jpg,0,,,webcam,
f4190cce-b64a-4e82-8ff2-887155a55444.jpg,0,,,webcam,
20b1eb49-78db-4f9e-be55-d2b6b8cb291e.jpg,0,,,webcam,
8209e0fd-a9e4-41b6-af93-be5463900fe1.jpg,0,,,webcam,
90cfbf9a-c78d-486f-b766-cde50acba22f.jpg,0,,,webcam,
8525baa6-c472-4d5a-9daa-7dd8253aa4b2.jpg,0,,,webcam,
a88cd8db-b6ad-432f-b76b-add34e349fcb.jpg,0,,,webcam,
c4d0c67c-0f6e-4b0e-9237-89b4a8abd194.jpg,0,,,webcam,
17353382-1053-42a9-b04c-d7615d1425cf.jpg,0,,,webcam,
9f453c54-67b8-44b0-8e57-9502f81193fa.jpg,0,,,webcam,
d38fbd74-b9ca-4c83-9930-7ef76de1914c.jpg,0,,,webcam,
a2837aec-1597-462a-9b68-55a95ba64c49.jpg,0,,,webcam,
e9ab18a4-a3e8-4fb8-aafe-e2b8f869371e.jpg,0,,,webcam,
90858a27-17bf-499f-b13a-91073e50cdbf.jpg,0,,,webcam,
b12b45c6-1e35-493d-8348-d88998f26229.jpg,0,,,webcam,
911bb2d4-08b3-4408-b586-c4398839f116.jpg,0,,,webcam,
932a7f4f-ed81-47ac-b163-9410776d0ebc.jpg,0,,,webcam,
bbb84bf0-62c4-471a-ae4a-01e302b5fed1.jpg,0,,,webcam,
5b12aaa2-ccd0-41a8-8096-5f3b40de2ddc.jpg,0,,,webcam,
22141f51-8209-40ea-baab-f2b979c839d1.jpg,0,,,webcam,
f30f668c-5764-4cf5-b6f5-78feb8b4a06c.jpg,0,,,webcam,
622e4951-f131-42d4-8b52-56777ac2c9cb.jpg,0,,,webcam,
c58950bd-9086-4015-b03b-67769d3048b4.jpg,0,,,webcam,
eb9bd063-e2f8-4470-9829-4138e1e86fc9.jpg,0,,,webcam,
bcf3469e-de03-4c63-85a7-131937e886f5.jpg,0,,,webcam,
6205551d-580e-48ca-830d-5b67bc6bd4cf.jpg,0,,,webcam,
870b7884-9dad-47c8-bc20-cc1efab1f57c.jpg,0,,,webcam,
809038ab-4ce9-435a-968b-68f59215eb9e.jpg,0,,,webcam,
e768704f-f7d0-4247-9f9c-e56bbbcf821a.jpg,0,,,webcam,
826c3ac2-dd4e-42a7-a52a-d606e8cf6e9b.jpg,0,,,webcam,
7142f26b-d00c-43f7-9da2-4f47fb948273.jpg,0,,,webcam,
47a55553-eabd-42bc-ad18-b2d77bae8e4d.jpg,0,,,webcam,
74af57d9-bb5c-4927-a14f-76dddb61932c.jpg,0,,,webcam,
7aef63c8-6f99-49f4-ab35-b2347678bc0c.jpg,0,,,webcam,
afd6d276-d618-445c-b310-ed787bab48be.jpg,0,,,webcam,
f8bb278c-7b87-4a3f-b697-5232657aa247.jpg,0,,,webcam,
7a313b41-91e7-46ac-a53c-eb8f73da8485.jpg,0,,,huawei-mate-10-lite,
bef4176e-f5b4-486c-b0c0-62421193d55b.jpg,0,,,huawei-mate-10-lite,
77c17c30-f055-46eb-953c-a93d864d71b8.jpg,0,,,huawei-mate-10-lite,
87c1d324-072a-4471-9484-52cc9628811e.jpg,0,,,huawei-mate-10-lite,
d6e0fc80-6093-4828-a7ea-aa944aa53ba8.jpg,0,,,huawei-mate-10-lite,
418d0376-c8a8-4c22-9ee8-1f8fb8979d6b.jpg,0,,,huawei-mate-10-lite,
9a8d81e4-38e7-4858-a3c4-a4e8beb0ee29.jpg,0,,,huawei-mate-10-lite,
c55b487a-bc96-4599-bf5c-5864937ba784.jpg,0,,,huawei-mate-10-lite,
5f574061-a623-4986-a4b9-65d02d304b22.jpg,0,,,huawei-mate-10-lite,
3fa24987-7209-4884-98b0-a3e10d117b17.jpg,0,,,huawei-mate-10-lite,
31343338-6179-4f78-ad36-7d5a783f18a9.jpg,0,,,huawei-mate-10-lite,
c8f83d5f-0df4-4cd2-b88c-055c62b03c56.jpg,0,,,iphone7,
68afc567-6b3d-4221-b92f-b55f4a6e6857.jpg,0,,,iphone7,
1d4261d1-f396-4987-a518-e9f6f2ffd5af.jpg,0,,,iphone7,
c7ace87c-76a6-4a3d-b153-22b0023eafe7.jpg,0,,,iphone7,
72f1891e-daa0-46fc-bc77-ce7d48187324.jpg,0,,,OnePlus6,
ce3eaa54-4c8a-4998-a4c0-18756dd621b5.jpg,0,,,OnePlus6,
6988c681-52a5-43af-b88f-d595a07a000e.jpg,0,,,OnePlus6,
32f460e0-e865-4435-85ce-195fa223e6e7.jpg,0,,,OnePlus6,
805c2389-191e-4fd1-be6b-301407ed5565.jpg,0,,,OnePlus6,
8370db01-400e-48ad-b467-87a10e960a89.jpg,0,,,OnePlus6,
b1175550-514c-4f07-b350-3d5fdd540ea7.jpg,0,,,OnePlus6,
88340265-aecc-4f52-ba40-0ca82801b729.jpg,0,,,OnePlus6,
4d331fc5-7f69-45a1-8a61-5fcbac974113.jpg,0,,,OnePlus6,
a4650c71-4fe5-4d35-abcf-7c8b32da5641.jpg,0,,,OnePlus6,
401b6d35-6c66-48e5-9992-383a82d0b194.jpg,0,,,OnePlus6,
eb083153-ca27-4afa-b519-5040db02a59e.jpg,0,,,OnePlus6,
36ac86ff-0aed-4c25-b93b-b159b6687a84.jpg,0,,,OnePlus6,
6bc1ee8f-9e4a-488a-af42-a3aed9bd1c9b.jpg,0,,,OnePlus6,
693102f6-d7bc-4ad2-b7c4-675612d92790.jpg,0,,,OnePlus6,
87bbd65d-6199-4ae9-9545-59f1b0c7edc3.jpg,0,,,OnePlus6,
810d88e5-ce53-4e5e-9a6c-c194b6e07da0.jpg,0,,,OnePlus6,
e760d616-d569-4e02-ab9f-d5944d769552.jpg,0,,,OnePlus6,
6ebd909c-3efd-479d-9541-15a6e66c8c2b.jpg,0,,,OnePlus6,
2a545a5b-7438-4f59-baaa-2e1b558bc098.jpg,0,,,OnePlus6,
8a78ae99-17cc-43b4-a118-f5b530d2560e.jpg,0,,,OnePlus6,
a82698ce-2cad-498a-9364-47d8f276f0a7.jpg,0,,,OnePlus6,
f1d37074-0ff8-4456-bc87-be3f8d74fe42.jpg,0,,,OnePlus6,
5842f863-8e55-4ed0-b966-6e0000683a89.jpg,0,,,OnePlus6,
3da699fc-ece9-4640-8919-a1ed73f0a2e0.jpg,0,,,OnePlus6,
f4b8671b-e3e2-4524-817a-e2193408b04d.jpg,0,,,OnePlus6,
6f211c24-d85e-4efc-863a-58eb2014e22e.jpg,0,,,OnePlus6,
dedf2479-0b0c-4158-b849-de585ad73f01.jpg,0,,,OnePlus6,
ab98e88c-10ba-459a-ab4e-598eae85a53d.jpg,0,,,OnePlus6,
5b05e4dc-86ac-41d8-87f4-d294aeca8836.jpg,0,,,OnePlus6,
9ffceaa7-2376-4527-8b79-d2a178df4603.jpg,0,,,OnePlus6,
3bca9b0a-ec99-44d0-b336-876bb6a4941d.jpg,0,,,OnePlus6,
633bb8d6-e81e-4716-8011-86c5a3e8c193.jpg,0,,,OnePlus6,
c3981161-2bc2-4990-b7a5-f5ab08791c25.jpg,0,,,OnePlus6,
490fcf65-1263-4d11-9647-77f3462a90df.jpg,0,,,OnePlus6,
5e4fd38e-aedd-4d42-9f53-5a181d42c053.jpg,0,,,OnePlus6,
eb1b4ce3-9f18-44cc-8a0c-0e6c852f19a8.jpg,0,,,OnePlus6,
e568d59b-fca0-4b44-b6e9-0b1d20b56c61.jpg,0,,,OnePlus6,
44b30f11-3f2e-486f-aca1-bee772f97533.jpg,0,,,OnePlus6,
5301a3e1-4252-4015-9814-d4af1157f5a3.jpg,0,,,OnePlus6,
610a715a-6e28-47e5-b6b9-fe181f46594e.jpg,0,,,OnePlus6,
c3483220-8916-4551-ae3a-364af84521e1.jpg,0,,,OnePlus6,
e460c925-ad37-4113-b42d-cb182b878bd2.jpg,0,,,OnePlus6,
bb55838d-c60f-4f3b-b157-b2356e676c17.jpg,0,,,OnePlus6,
b7daf5c2-2099-44b4-8d4e-eeee80b66c55.jpg,0,,,OnePlus6,
18935227-354d-4963-ab36-49db9f0cad98.jpg,0,,,OnePlus6,
d8121bd5-ec9b-4dc1-85fa-d2318803037a.jpg,0,,,OnePlus6,
d2fc9dec-7b59-4a92-acfc-909db9e8fd3e.jpg,0,,,OnePlus6,
ad2279fe-05a7-4cfe-ae89-e1b71cd444da.jpg,0,,,OnePlus6,
28e22d97-33d1-4e12-bf92-966968ac145f.jpg,0,,,OnePlus6,
f9529898-5050-42e3-b76e-beb6ef205045.jpg,0,,,OnePlus6,
4e9a82f8-7fc9-4512-a586-e76a9ddbf134.jpg,0,,,OnePlus6,
f18380d2-fe8b-4344-8568-615af80c3bc3.jpg,0,,,OnePlus6,
bdd7a5a4-47b7-40ae-b77d-998118d31fbe.jpg,0,,,OnePlus6,
6fa53aaf-5847-4ecf-a686-cb24ef2f1a25.jpg,0,,,OnePlus6,
82a2f0a3-8b69-4917-b7a1-9587872f2a6e.jpg,0,,,OnePlus6,
25868f43-3414-4ce4-a2fb-9b2341da81cc.jpg,0,,,OnePlus6,
0aaf59d3-0070-4b97-b55c-010fe58d7d67.jpg,0,,,OnePlus6,
acb6bc70-9bb8-4a2a-83ce-393d99d6517c.jpg,0,,,OnePlus6,
731a4773-df51-4039-b163-3055c6801627.jpg,0,,,OnePlus6,
9eb43898-fb4a-4ca6-b9ae-55135d526b44.jpg,0,,,OnePlus6,
105ade82-9989-4c42-bb80-0ba07251e245.jpg,0,,,OnePlus6,
ba9a6070-4337-41cf-a4ff-1395eec2ce7e.jpg,0,,,OnePlus6,
f5bcf535-3049-4fef-a3ee-4ea26936330b.jpg,0,,,OnePlus6,
aaecb6f4-f577-4f04-8492-d4f5421ab1f9.jpg,0,,,OnePlus6,
d990585f-3e61-4bfe-968e-1b0a12b8b9ad.jpg,0,,,OnePlus6,
b86d582c-0ef5-44c2-b62f-86906e087088.jpg,0,,,OnePlus6,
21294a03-0c03-43e8-a427-5898fe3d5f93.jpg,0,,,OnePlus6,
15229bb8-8feb-4a2f-8242-11e24d74226e.jpg,0,,,OnePlus6,
840d3f9b-a64c-4b3c-999c-0f49ab5bbff7.jpg,0,,,OnePlus6,
0682ba91-5f84-4645-9c45-8738b01177a4.jpg,0,,,OnePlus6,
eac2cf22-05a1-4b24-a462-66d923c47326.jpg,0,,,OnePlus6,
7a263fa1-19d5-4ade-9af2-b1116b9b5b8f.jpg,0,,,OnePlus6,
be7cf57a-82ce-47db-b5bc-957cc790c736.jpg,0,,,OnePlus6,
9a0caeb7-82fe-4b19-8fad-3355fca640e9.jpg,0,,,OnePlus6,
ec5f3636-4cf4-430b-b376-b2d10643157e.jpg,0,,,OnePlus6,
c266ed26-42c4-4c0d-abc3-b197263cf6fb.jpg,0,,,OnePlus6,
d5415095-a632-4ed2-aa60-453dca36a638.jpg,0,,,OnePlus6,
12ff07d5-f1df-4363-951e-cb6ad9972c16.jpg,0,,,OnePlus6,
fa31a623-90e9-4e55-911e-466f6ce86a0f.jpg,0,,,OnePlus6,
502461d2-0f8c-49d2-b2b5-5100f21841d6.jpg,0,,,OnePlus6,
44ba793c-15ae-488b-b8f3-09d5f08c517b.jpg,0,,,OnePlus6,
32aebd51-08a3-4048-a076-621eca244051.jpg,0,,,OnePlus6,
59c46639-49d3-491e-8f29-2d90a0712109.jpg,0,,,OnePlus6,
01994a7e-bc34-44ae-bafd-f39afc8f28bf.jpg,0,,,OnePlus6,
4a796f24-c9f2-4e8d-adf4-4f7afa4fc552.jpg,0,,,OnePlus6,
b4c20250-7ee9-461d-8108-fcae3ad31710.jpg,0,,,OnePlus6,
c4f86496-eb8c-4d27-9d01-50cf2abf8498.jpg,0,,,OnePlus6,
f809ec73-362c-491b-9ca7-4d7d27565ef2.jpg,0,,,OnePlus6,
f493e5e4-3fdc-4fd9-aeb2-491cd783b4b6.jpg,0,,,OnePlus6,
4ef3e798-3fa4-4f0b-95e5-b8b4649132f9.jpg,0,,,OnePlus6,
7d94bd11-48a9-409a-8a6b-f232e0816ce8.jpg,0,,,OnePlus6,
d9e369b3-eaf0-475f-bf27-b9a5352d8e5f.jpg,0,,,OnePlus6,
3e00702d-92de-406d-9f90-048dcfb34fd6.jpg,0,,,OnePlus6,
939b6146-d493-4a74-ab94-4bf46c3464f6.jpg,0,,,OnePlus6,
ae3d0b36-3f97-45f1-a988-124fb4da7f05.jpg,0,,,OnePlus6,
2a169808-5409-4f7b-9de0-37594c36d5d7.jpg,0,,,OnePlus6,
8478e057-14e2-4a0f-8288-99a24a8c974b.jpg,0,,,OnePlus6,
dd6a6206-4b75-4f86-962f-acf616f77f5d.jpg,0,,,OnePlus6,
bbce8420-5e53-403c-85a6-327978cecac0.jpg,0,,,OnePlus6,
d830e846-32df-4840-ae60-4450e53fbb1d.jpg,0,,,OnePlus6,
db30f31c-f1e5-4cd7-b041-b8c032d76a50.jpg,0,,,OnePlus6,
aa9ec865-2a90-4604-8077-540b2d63d7c4.jpg,0,,,OnePlus6,
538b2c9f-3d42-4416-8a14-3f1c0a79c653.jpg,0,,,OnePlus6,
66259caf-75ef-483b-be2b-8ea568813576.jpg,0,,,OnePlus6,
7f686c10-5115-4485-b93b-8b295b008234.jpg,0,,,OnePlus6,
f1d89af4-2eb4-4016-8127-c9e003ee8857.jpg,0,,,OnePlus6,
8b8fc779-d15f-4888-870d-01819c4b5605.jpg,0,,,OnePlus6,
90ad083f-e32f-4eae-acbe-7cd45364f30d.jpg,0,,,OnePlus6,
aa4e39de-4232-4cff-8567-19d2e92f03cc.jpg,0,,,OnePlus6,
170f898a-2edb-4dd8-afd6-c6104fd47ab8.jpg,0,,,OnePlus6,
0b0126e7-b3c6-423a-993f-a67a94f69b58.jpg,0,,,OnePlus6,
e445678f-ec5a-411e-b01c-dacf1e293575.jpg,0,,,OnePlus6,
3a9ade96-5fa5-4837-8a45-163e8330775b.jpg,0,,,OnePlus6,
5ed7583a-e0cd-4701-9f4c-1878ee83d668.jpg,0,,,OnePlus6,
6724d73a-78d6-455a-8933-4325a017169a.jpg,0,,,OnePlus6,
512a2eb1-1709-483f-993b-9050a897a064.jpg,0,,,OnePlus6,
b719762e-67a2-4683-970d-85d0020771c8.jpg,0,,,OnePlus6,
702d8d44-872c-4c06-b17e-c76866ec276d.jpg,0,,,OnePlus6,
fc600a49-79d7-40ab-8c99-66651076f9df.jpg,0,,,OnePlus6,
e924105e-60c4-4fda-a4c0-ce44dc83e98a.jpg,0,,,OnePlus6,
0034cc52-189e-46da-a941-d7863d119c32.jpg,0,,,OnePlus6,
debd9e26-e354-4ba6-9095-a25175c15c41.jpg,0,,,OnePlus6,
e9602f4e-d846-45c3-bcf3-d203088c857e.jpg,0,,,OnePlus6,
3d5e7adb-5764-49e4-9e51-2001912f6d5e.jpg,0,,,OnePlus6,
8807132e-a506-4f8e-ba66-cdb0960621e0.jpg,0,,,OnePlus6,
b656a0f0-fe1b-4f69-8400-16ec6a68c826.jpg,0,,,OnePlus6,
9008dd2d-53a7-4de3-80c8-02a7576b5f51.jpg,0,,,OnePlus6,
81124741-5059-43d2-ac94-39db690d1a0a.jpg,0,,,OnePlus6,
6d074116-ca19-49a1-bd51-b9e86a104c22.jpg,0,,,redmi-note-6-pro,
8487f402-3e32-4863-ade5-ee30c5ff22eb.jpg,0,,,redmi-note-6-pro,
1aa9d7c0-28e8-427d-ab1e-3460b493cc67.jpg,0,,,redmi-note-6-pro,
820dbca0-1b58-46de-8815-900d9638b772.jpg,0,,,redmi-note-6-pro,
3dcb1817-c4cb-41f9-b3c0-f0f1b350d67c.jpg,0,,,redmi-note-6-pro,
c5e3c673-7f4c-410e-bb49-9bc34186a4d5.jpg,0,,,redmi-note-6-pro,
cf3c8529-3c65-4723-a935-644b557d3225.jpg,0,,,redmi-note-6-pro,
a8cb5a6c-d389-40a5-9382-5e1346a8e527.jpg,0,,,redmi-note-6-pro,
aa4e6e29-dcb1-49d9-9d90-b6f7956e12e2.jpg,0,,,redmi-note-6-pro,
9450f21d-2504-404b-9a45-a3855bb4feeb.jpg,0,,,redmi-note-6-pro,
c028f8b8-f7f1-4546-9370-ead24a7ddba2.jpg,0,,,redmi-note-6-pro,
f1e08b38-f617-4009-adaf-ed5cc82d615a.jpg,0,,,redmi-note-6-pro,
bbe37fcf-4838-4560-9041-ca4254e39ed6.jpg,0,,,redmi-note-6-pro,
cd8650b5-10d2-4bf1-a001-edecc9366aae.jpg,0,,,redmi-note-6-pro,
2fcde058-7cb9-454d-a7bf-aa247a3053af.jpg,0,,,redmi-note-6-pro,
fb95f1dc-6f94-45e5-b183-b966bb130db7.jpg,0,,,redmi-note-6-pro,
087a5056-144f-42f1-acdd-4c10273b30fd.jpg,0,,,redmi-note-6-pro,
0d8ddce3-735b-4e66-8caf-6b254fced922.jpg,0,,,redmi-note-6-pro,
b61a3a85-a20c-458b-b143-088f465e46e1.jpg,0,,,redmi-note-6-pro,
428fdbf3-e739-444f-9faa-571835bece35.jpg,0,,,redmi-note-6-pro,
1e6776ed-81c4-4dbf-81c0-b794be2d9767.jpg,0,,,redmi-note-6-pro,
7f10225c-2348-4e5e-a9fe-998b6ce581f3.jpg,0,,,redmi-note-6-pro,
bcc7f7c9-0f76-4577-8109-a402d1739cda.jpg,0,,,redmi-note-6-pro,
4e5c5fba-aee0-4fd2-9520-602ee670555a.jpg,0,,,redmi-note-6-pro,
004e4e84-34a1-458b-afcf-15f03fadb488.jpg,0,,,redmi-note-6-pro,
6a170cc1-ff47-43f0-91d1-4942f4e2d27b.jpg,0,,,redmi-note-6-pro,
055a94ee-8865-4123-96a4-a447f89c2f3d.jpg,0,,,redmi-note-6-pro,
8229217d-7cc5-4cdc-95c3-c9a79e776a01.jpg,0,,,redmi-note-6-pro,
07fc356b-ba5a-43d0-8163-64c259c8fa33.jpg,0,,,redmi-note-6-pro,
97c4de8b-fa2a-4bb9-a6ac-7b820b37cb5b.jpg,0,,,redmi-note-6-pro,
09fc0bf3-6c4f-4a83-889a-5577f0468c03.jpg,0,,,redmi-note-6-pro,
cfae03e9-e86e-4245-bf91-af7996007a63.jpg,0,,,redmi-note-6-pro,
fb6d4573-e7e1-4503-bf50-e749bbb4f291.jpg,0,,,redmi-note-6-pro,
ca524a96-83a6-4db2-b5f9-9a10c9dd1e74.jpg,0,,,redmi-note-6-pro,
348c8abf-9626-4f61-866e-da7438e4fb5a.jpg,0,,,redmi-note-6-pro,
64e16fc4-1ad5-46b1-be36-d312c7676fdb.jpg,0,,,redmi-note-6-pro,
76b46968-48f4-4bdf-a671-c064b634b0a5.jpg,0,,,redmi-note-6-pro,
7fdb781f-4fab-4907-a3f5-256048c0e67f.jpg,0,,,redmi-note-6-pro,
6446d998-dd3a-4067-83e5-bd4ba78078d0.jpg,0,,,redmi-note-6-pro,
220d1849-4056-4c80-841d-8d00e3a5ab52.jpg,0,,,redmi-note-6-pro,
131b4a65-a812-4933-834f-2ac927024a57.jpg,0,,,redmi-note-6-pro,
7bb04c68-49cd-4925-82c0-1f5bbbe937c8.jpg,0,,,redmi-note-6-pro,
47b23e84-5253-446d-98f8-051901dc7f0a.jpg,0,,,redmi-note-6-pro,
f7b5856b-b03c-4948-8569-741bb75bac31.jpg,0,,,redmi-note-6-pro,
c17f58a2-f1a2-48ce-92f0-14a60bd1a4b0.jpg,0,,,redmi-note-6-pro,
cae982fd-0ee7-432d-acd0-7febaf57c9b1.jpg,0,,,redmi-note-6-pro,
1c208aef-6357-4880-b5e2-baa1fcf00909.jpg,0,,,redmi-note-6-pro,
c7f467f4-8688-4adb-b0bd-8afa167e71ca.jpg,0,,,redmi-note-6-pro,
957bfcda-f5fc-4e89-99be-fcbbfd70dd68.jpg,0,,,redmi-note-6-pro,
e8dc1b76-ee84-4e35-a490-f9d3e64881c0.jpg,0,,,redmi-note-6-pro,
14286335-4189-4135-a728-6b43213648a3.jpg,0,,,redmi-note-6-pro,
f75c8467-b950-4f4b-adc9-3542dc0efb8c.jpg,0,,,redmi-note-6-pro,
2a811758-3a09-435d-919e-62dcd08e6c9f.jpg,0,,,redmi-note-6-pro,
501f8bbd-0f22-42f5-929f-b817c0df5c4f.jpg,0,,,redmi-note-6-pro,
264d546a-31c7-46d2-b09e-0ad25d0c680c.jpg,0,,,redmi-note-6-pro,
bfb7980a-71b0-4353-bddd-df0c5164a561.jpg,0,,,redmi-s2,
7ba9babd-7e94-4427-af3a-7b286020ca09.jpg,0,,,redmi-s2,
3bf75c94-f2a7-46a2-9325-94362f01db55.jpg,0,,,redmi-s2,
e88cb4e2-2daf-4eee-8ffe-eebe161d3d20.jpg,0,,,redmi-s2,
4a086486-341b-4364-a953-6a52e287e2f8.jpg,0,,,redmi-s2,
24123387-193a-4d41-8c17-3459c5c1146e.jpg,0,,,redmi-s2,
e05a0e4e-6244-413b-bec8-8ee6c30fa297.jpg,0,,,redmi-s2,
d69555c9-75a4-4383-8b28-cb5c10dc5ccc.jpg,0,,,redmi-s2,
a4576920-6b34-4395-852d-7bb86b6f5029.jpg,0,,,redmi-s2,
11055b9c-34cf-4953-8651-344c4d7ef8af.jpg,0,,,redmi-s2,
bece9fc6-84ee-43ca-8ace-9628e1665b81.jpg,0,,,xiaomi-mi-4,
257b7176-993f-4c36-8805-caa3623fa99d.jpg,0,,,xiaomi-mi-4,
98ebed7e-0216-466c-bde8-7785017d7b26.jpg,0,,,xiaomi-mi-4,
56c3614f-d07c-42ec-b152-8493380c7c5f.jpg,0,,,xiaomi-mi-4,
6b0bd608-304d-4a40-b243-4e6561e38ff7.jpg,0,,,xiaomi-mi-4,
d219f08c-fc1a-47a7-90f4-6269294a9c39.jpg,0,,,xiaomi-mi-4,
6e025593-bc1a-4cd5-b590-4e378f48c041.jpg,0,,,xiaomi-mi-4,
00799f89-5d25-427c-afef-8638579d0316.jpg,0,,,xiaomi-mi-4,
855eec21-e3b9-4411-ae1d-c0031b39c673.jpg,0,,,xiaomi-mi-4,
2ebf3d1f-2801-406f-8d14-0cd083be4817.jpg,0,,,xiaomi-mi-4,
100a1640-4d7c-4c34-abb8-560fa3e51e4a.jpg,0,,,xiaomi-mi-4,
2dbf5b51-e1bf-4e4c-9c4b-a801de232118.jpg,0,,,xiaomi-mi-4,
c7c394cd-e364-409b-86fd-fd286038c88a.jpg,0,,,xiaomi-mi-4,
5bcc7a5d-88e8-4cad-9f12-7cb6ef5f3ae3.jpg,0,,,xiaomi-mi-4,
43860159-a56b-4a32-82a1-b87beaaa7204.jpg,0,,,xiaomi-mi-4,
76b9ebb9-fddb-43f3-848a-c3ff384e99ef.jpg,0,,,xiaomi-mi-4,
aca215e8-7a2b-4930-9204-aa3c4cfe9f28.jpg,0,,,xiaomi-mi-4,
e5a54797-e5fb-451f-9b26-5f4b33e7ee4c.jpg,0,,,xiaomi-mi-4,
820ea31c-4559-4439-b598-8de20c66218d.jpg,0,,,xiaomi-mi-4,
049be528-921f-4395-930f-152a12076567.jpg,0,,,OnePlus6,
ee300e74-abf2-425b-9d49-bfa977bc9519.jpg,0,,,OnePlus6,
6628dc91-d7c9-44af-8788-b32ec4721721.jpg,0,,,OnePlus6,
075b24e7-d05d-4482-a2a8-d470b7ba120e.jpg,0,,,OnePlus6,
9f9fd34c-23ea-4994-8656-2d99611962e8.jpg,0,,,OnePlus6,
f63b6031-4939-4cbc-a134-bbbe01809e41.jpg,0,,,OnePlus6,
5f6888ac-a7eb-4139-a9e8-be12c695056d.jpg,0,,,OnePlus6,
cf6e0b63-bbc9-4ec5-93b5-f5064575a428.jpg,0,,,OnePlus6,
925dfcc6-06f8-4d42-8091-1a18c8e3228c.jpg,0,,,OnePlus6,
9ec5a57b-9785-4809-b64f-1bdc2aafb2f9.jpg,0,,,OnePlus6,
787ba502-bf2f-4d74-a240-3af79ac50a59.jpg,0,,,OnePlus6,
ca6107af-8928-47c8-82ae-6f246404efe8.jpg,0,,,OnePlus6,
138463f6-0172-49ed-b35a-5db1c9728259.jpg,0,,,OnePlus6,
6a83cb7f-324e-485e-a28a-48644d80a00b.jpg,0,,,OnePlus6,
d6f292de-f1d6-4b6b-be4d-9af3b7bd10a5.jpg,0,,,OnePlus6,
4f5e7336-1416-44b1-9f46-07b69f51ad57.jpg,0,,,OnePlus6,
6c47c17f-2078-4594-a687-c625db626f16.jpg,0,,,OnePlus6,
244c4562-3258-45cb-ba8d-d39accbc9942.jpg,0,,,OnePlus6,
2ef0231b-17a2-408d-9f8e-88911728c9f0.jpg,0,,,OnePlus6,
1265d7c9-acc9-42a6-9335-7951a4376fb2.jpg,0,,,OnePlus6,
f51f633d-3207-4a19-8aa2-58c8c8cf969a.jpg,0,,,OnePlus6,
e2b9093e-2546-409a-802a-56408a95ee8b.jpg,0,,,OnePlus6,
d7125b9c-161e-47e3-bbb9-32c31553bf78.jpg,0,,,OnePlus6,
f3aeb0a1-3d33-493e-9e7e-6f005a656e65.jpg,0,,,OnePlus6,
09da233b-98ff-47f0-bc76-0bf63d659092.jpg,0,,,OnePlus6,
90d3070a-3532-402c-8cd9-a3bd72cbbe31.jpg,0,,,OnePlus6,
25f30590-df39-42f2-bf44-bc4dc3f4d9f5.jpg,0,,,OnePlus6,
517f6836-640e-4f85-beb5-b2c0cb3be228.jpg,0,,,OnePlus6,
9bff3718-bf98-4d72-851d-af900ff21ab2.jpg,0,,,OnePlus6,
6d7db0ed-2e31-43a3-8d27-3a0b42a32ea0.jpg,0,,,OnePlus6,
07669e47-337c-4f04-8125-587a76226662.jpg,0,,,OnePlus6,
f5020c19-7488-4b70-aa0b-8ef23849a3ba.jpg,0,,,OnePlus6,
aba629eb-8842-4904-9ba9-1fc62d459758.jpg,0,,,OnePlus6,
bbe6ca03-0e04-4ef7-a00d-e87d4f00021c.jpg,0,,,OnePlus6,
67872c4f-4189-4576-8e5f-e224c8396c42.jpg,0,,,OnePlus6,
8ac4e59b-8534-4996-a1c8-72a500d13834.jpg,0,,,OnePlus6,
41020f85-ea48-4943-8516-126dc2b1886f.jpg,0,,,OnePlus6,
90b6e97c-4c71-41ef-b15c-293101426155.jpg,0,,,OnePlus6,
2b9c70aa-cc4d-41f9-8dca-8e1b993a6eaf.jpg,0,,,OnePlus6,
d605653e-e41f-463b-8fb7-e8e4b10142db.jpg,0,,,OnePlus6,
c4fae48c-88b2-4e2b-ac6a-339d1f3e7cb4.jpg,0,,,OnePlus6,
b5282244-b60a-4658-9a4b-bdac77a63306.jpg,0,,,OnePlus6,
0e08ce8e-4505-4cc3-b551-7f442281f717.jpg,0,,,OnePlus6,
0c749093-e734-4360-a9b8-4c9df6ca226f.jpg,0,,,OnePlus6,
ef04ce79-1fc2-4881-82f7-93bc6e3ab466.jpg,0,,,OnePlus6,
3334ff32-d7e7-452e-9bc5-c8803d0091d9.jpg,0,,,OnePlus6,
65fb6ca9-b34d-46de-b9ac-5311d0c87dc9.jpg,0,,,OnePlus6,
e1fc09fa-17ec-4e98-9529-1fecc1d467c6.jpg,0,,,OnePlus6,
0e7814dc-4c30-42c1-96d3-7ba935a6b664.jpg,0,,,OnePlus6,
a55d3117-2bb6-4e1e-bafe-ba49bc9dd98f.jpg,0,,,OnePlus6,
bdf10685-3f56-4d5f-a707-e040e74b0caa.jpg,0,,,OnePlus6,
54e01f79-7321-4e64-b014-006db0975a57.jpg,0,,,OnePlus6,
419687a4-e429-4586-84b0-f6b3c5f902cb.jpg,0,,,OnePlus6,
7535ca27-85a7-42ab-8ac1-e1176d890beb.jpg,0,,,OnePlus6,
53459a79-bcb4-4e6f-9ca1-33acb31baf6b.jpg,0,,,OnePlus6,
98e3b702-914a-4dc8-b1c7-d7e62b773a31.jpg,0,,,OnePlus6,
7e6a36ad-c541-4896-861f-b77df9e9401f.jpg,0,,,OnePlus6,
4f2b2d13-6904-4e8b-ab2b-c20eeaeafaa0.jpg,0,,,OnePlus6,
d4eab453-2b66-4ee3-9a9c-658ad8e75323.jpg,0,,,OnePlus6,
a3c90946-5013-4b79-b35f-8df919e0fd30.jpg,0,,,OnePlus6,
9d0e0f4d-11b7-40d3-9f6b-ed6ab8a73ee0.jpg,0,,,OnePlus6,
cad521cf-f435-437f-bd83-877c36a3f2e2.jpg,0,,,OnePlus6,
dc4664e6-7404-4006-88f5-a2814ec117f8.jpg,0,,,OnePlus6,
114fdbfd-24df-41a0-9c34-3d735956cc74.jpg,0,,,OnePlus6,
9e64c4ce-8390-4481-ae87-688fe25fa5fd.jpg,0,,,OnePlus6,
d3a9315a-c0ab-4514-ba30-a1a96e9800c8.jpg,0,,,OnePlus6,
3a00c546-726f-4fc3-9591-0e098ac9808c.jpg,0,,,OnePlus6,
0f60ad0a-583e-4bf2-b444-efb5dcfe17f5.jpg,0,,,OnePlus6,
512f1cba-dc3d-494b-9331-5ac17493a191.jpg,0,,,OnePlus6,
ee4c6fa2-71ef-4ba9-ad40-108893370ddd.jpg,0,,,OnePlus6,
e1224018-faf5-454d-a2cf-196acc762b55.jpg,0,,,OnePlus6,
4df5410c-9917-41fd-aae2-2ebfc346bbc1.jpg,0,,,OnePlus6,
23423aef-9aee-48eb-9538-dbe6babbba95.jpg,0,,,OnePlus6,
86aeb5e5-05e2-40cf-a7a2-590962a1d262.jpg,0,,,OnePlus6,
24dc479a-6854-4d82-8f56-9211bbb37106.jpg,0,,,OnePlus6,
503ecebe-ef6f-4e7f-b29d-4ff86452ae0d.jpg,0,,,OnePlus6,
01da24db-2ce6-4332-b93a-bfc209c07234.jpg,0,,,OnePlus6,
496f5de9-e2f9-48ff-a4b8-a5bbe1ace632.jpg,0,,,OnePlus6,
eb3e9866-fc82-422f-81f8-3d80a156c245.jpg,0,,,OnePlus6,
f0fa9d4e-fb08-41c6-b949-fd681e8b5654.jpg,0,,,OnePlus6,
83abe580-4f97-4bf9-8463-7560b1d43a65.jpg,0,,,OnePlus6,
8f944783-62c8-4416-8720-c7c2172141de.jpg,0,,,OnePlus6,
eae17109-d207-4418-8e5d-c7e97de1f749.jpg,0,,,OnePlus6,
01d49e01-e712-483b-abf4-0d1d683e5308.jpg,0,,,OnePlus6,
65332d42-afa7-4490-8abd-566f76f199b1.jpg,0,,,OnePlus6,
f6918ad4-2433-4f46-aeee-35e07b3a66b7.jpg,0,,,OnePlus6,
6fe73258-2a91-416d-84e9-4459d945126a.jpg,0,,,OnePlus6,
775e4d41-d0c0-41fd-8719-20685dd95eb5.jpg,0,,,OnePlus6,
9d846e35-e09f-46cc-be11-53c323917941.jpg,0,,,OnePlus6,
ce8d725c-9a98-43e7-94f9-07330c0cd2b2.jpg,0,,,OnePlus6,
d27d2995-63f0-43e0-82c7-3e624d0be462.jpg,0,,,OnePlus6,
0033c23b-135f-4d81-8c98-0718948dee4d.jpg,0,,,OnePlus6,
69340219-5d4e-4c71-bd7f-8e5e4a5a1519.jpg,0,,,OnePlus6,
f6a93b94-03ac-4563-af2a-87686d6cab66.jpg,0,,,OnePlus6,
3b77c02b-5937-4427-a4f5-c3711bc04293.jpg,0,,,OnePlus6,
313b7e2d-98bd-43b6-ae7e-f0429c5d3246.jpg,0,,,OnePlus6,
c618d810-73c8-40d5-931b-c660e680812b.jpg,0,,,OnePlus6,
3ce82383-f126-4cbe-8391-0e6b636961d0.jpg,0,,,OnePlus6,
66484d25-12d0-40ae-91ef-27798d442cf2.jpg,0,,,OnePlus6,
85966e23-f105-4218-8bbc-042d46eba159.jpg,0,,,OnePlus6,
1f2dfab0-ca1d-4a53-b799-12d1d13d74fc.jpg,0,,,OnePlus6,
73a490ac-f74b-4945-a624-6a785ccfad04.jpg,0,,,OnePlus6,
c0e14744-bd51-4278-94b8-1cd2aee8ffef.jpg,0,,,OnePlus6,
474d9702-201d-46dc-93b0-45813be43b86.jpg,0,,,OnePlus6,
b444bd04-f671-4845-87d8-09eb5a74e800.jpg,0,,,OnePlus6,
04282df6-0a23-4c50-956d-3a8bbd66d8da.jpg,0,,,OnePlus6,
ae6ec9aa-8e95-4f8b-b7b8-60e5ffde892b.jpg,0,,,OnePlus6,
aecb0dda-dc8c-45db-94f8-5110d65380d0.jpg,0,,,OnePlus6,
1f857116-c959-4998-a08c-3adf0d0e3fc6.jpg,0,,,OnePlus6,
3fe17b2f-faee-4468-9b4a-22ecd8ce5339.jpg,0,,,OnePlus6,
d1b031cf-6769-4e0d-9d24-e2fb026de4f9.jpg,0,,,OnePlus6,
792eabaa-c277-48d3-ba17-616a609741ce.jpg,0,,,OnePlus6,
98c45d54-3691-409c-bcc1-7bbe908108f5.jpg,0,,,OnePlus6,
dced23b7-7ba0-4d99-bc39-4dc1ff570233.jpg,0,,,OnePlus6,
b29ca76d-e5fb-4ab4-9071-136073f6f421.jpg,0,,,OnePlus6,
e499e4d9-001a-43cd-b980-a4de63c0e202.jpg,0,,,OnePlus6,
3fa21467-6ab5-45d7-8d02-e45614a6e58f.jpg,0,,,OnePlus6,
9c6260d9-fac4-4ca1-9a17-40cbe6eec274.jpg,0,,,OnePlus6,
33b68650-a707-4450-a121-5e87cc6972ad.jpg,0,,,OnePlus6,
caf27117-26c7-4222-bf80-b7918f1d6000.jpg,0,,,OnePlus6,
00320886-edc5-4d3f-8094-f3838cc84dd2.jpg,0,,,OnePlus6,
98a0892e-b887-4153-802b-ceec1a5d2ad7.jpg,0,,,OnePlus6,
ef7eadca-935e-456f-acd6-7f2b1960c770.jpg,0,,,OnePlus6,
058e8467-7bb4-45bf-967b-2b1f09d51d87.jpg,0,,,OnePlus6,
2ec2d5cb-7610-45f6-8f50-e012782e0e57.jpg,0,,,OnePlus6,
4c45bce3-7b83-4242-816b-38048f67e0c1.jpg,0,,,OnePlus6,
47c46d19-8de5-42fe-83e5-63a89d5b05a8.jpg,0,,,OnePlus6,
da38003e-3f91-45cb-a5ba-c23ec9e7fd6f.jpg,0,,,OnePlus6,
5aa845b8-f137-4bde-a244-6373e675e2ce.jpg,0,,,OnePlus6,
2e43aea6-ca1a-4673-856a-960a99f8c703.jpg,0,,,OnePlus6,
f88cce76-0137-4689-ac0e-ca2e04e1c253.jpg,0,,,OnePlus6,
e2126f07-f916-4c27-bb2a-b3ee546c7462.jpg,0,,,OnePlus6,
ef58d98b-75cc-47c0-8c7e-7f7ed4cff94d.jpg,0,,,OnePlus6,
59ee062f-7744-44ff-bfa8-6b0b73087a77.jpg,0,,,OnePlus6,
4adbc97e-cdeb-4aab-85b4-ff6d4133f2fe.jpg,0,,,OnePlus6,
ed4aedda-ef61-4acf-81cc-a41601f4cf50.jpg,0,,,OnePlus6,
3cb15772-2270-451e-ad22-bc46461079ad.jpg,0,,,OnePlus6,
1cdee910-b55c-4f21-bb3d-c33a4b8348f8.jpg,0,,,OnePlus6,
ed2f537a-7c6f-40d6-833d-7f7aeaa31ee7.jpg,0,,,OnePlus6,
3bfc7ae6-2de7-4d27-9424-0b71d39a185d.jpg,0,,,OnePlus6,
79c84ace-e5d0-463f-930a-0254b4017b77.jpg,0,,,OnePlus6,
e73f8a01-0935-401d-b404-7535c0779e11.jpg,0,,,OnePlus6,
9705cc93-ec23-463d-87e0-06965f961170.jpg,0,,,OnePlus6,
ff5f512d-3fbf-4e61-9d5a-a1d7243fab24.jpg,0,,,OnePlus6,
d2dd2c9f-3169-46ab-936a-b62eb6d15300.jpg,0,,,OnePlus6,
6565f249-a9a1-4ee9-9a4a-ff43934dce8b.jpg,0,,,OnePlus6,
e46f2500-9a8d-4df6-a454-7df8a4f12ff0.jpg,0,,,OnePlus6,
b9cdaaf0-375c-452b-976e-b59c1185df2d.jpg,0,,,OnePlus6,
2e747a27-771e-4fa2-bed5-49cdd7572dc6.jpg,0,,,OnePlus6,
458fb4a8-7cab-4c52-99ab-3c71e7132b45.jpg,0,,,OnePlus6,
2ceee3a6-8095-4fcb-bdb3-06ccb540d04f.jpg,0,,,OnePlus6,
389cbb4f-e0b3-4c18-bb07-863b835354c6.jpg,0,,,OnePlus6,
534b5dc6-61b5-46f8-9ef1-565bee09db91.jpg,0,,,OnePlus6,
b5d6ddcd-5f81-44f3-9716-6fabf5b4b224.jpg,0,,,OnePlus6,
3d8e2805-a0f7-4eb9-a7f7-bb15b86444ba.jpg,0,,,OnePlus6,
b2b93008-2b72-4d51-b83a-65df9f210bdc.jpg,0,,,OnePlus6,
8a7c447b-266b-4b95-8e62-ae9b047bb5bb.jpg,0,,,OnePlus6,
e01daef1-b0de-4bb6-aa68-1261d4937a0f.jpg,0,,,OnePlus6,
6bd3f8a1-0357-47c5-a82f-150cdaa66b38.jpg,0,,,OnePlus6,
dc337a4a-5b60-4cba-911e-f6ec9f7eef76.jpg,0,,,OnePlus6,
285ddf18-e282-44c9-8e73-356781a766ea.jpg,0,,,OnePlus6,
4f5a1d63-68ac-47e7-a62d-d62792fa8390.jpg,0,,,OnePlus6,
47a08787-e9f8-44f4-a83d-769b7ce845b5.jpg,0,,,OnePlus6,
8d04d522-34b4-4908-9228-d3e010e42d70.jpg,0,,,OnePlus6,
569cf3a2-4542-4e78-87c2-438454a60e26.jpg,0,,,OnePlus6,
d7c418d5-ed60-4929-8976-a8ac1fcf994c.jpg,0,,,OnePlus6,
25406475-904f-418c-b93b-ed84b8aecf52.jpg,0,,,OnePlus6,
396f3e91-3221-4945-a454-560ad4a62d8b.jpg,0,,,OnePlus6,
af4dc7d5-35da-47a5-83a4-83c8bbbc5b5b.jpg,0,,,OnePlus6,
23b95c0a-4894-47d3-a8bc-e9e16f311edc.jpg,0,,,OnePlus6,
cdbe3ed3-37b6-4e72-87d0-08cddd157907.jpg,0,,,OnePlus6,
9a8ebb2c-d737-41ac-9069-7882f7ce67ee.jpg,0,,,OnePlus6,
cbd3eda6-51fd-46a1-8101-1cc1aaeb7335.jpg,0,,,OnePlus6,
387454c8-9e7a-41f2-8e08-31525a8ad353.jpg,0,,,OnePlus6,
f8938e1d-bb10-4fc5-9ffe-78933d1f76d3.jpg,0,,,OnePlus6,
d104e12f-cf9b-4a93-9499-5bda59d53096.jpg,0,,,OnePlus6,
b9a8e884-968f-4ae8-84e4-0f602a66d0fa.jpg,0,,,OnePlus6,
b88da1ec-5ccb-45f4-a46b-aebc8f63882c.jpg,0,,,OnePlus6,
e2253781-679a-4a6a-a971-ce2f004f1d15.jpg,0,,,OnePlus6,
b6a51b35-4de1-41c4-8e07-7fa8976d79de.jpg,0,,,OnePlus6,
1e8cd001-0deb-4a37-8735-bd6d56756e9f.jpg,0,,,OnePlus6,
6824c556-6d22-46dd-a980-73af1694ed2b.jpg,0,,,OnePlus6,
e4258998-a6c6-40ff-b697-a18384331930.jpg,0,,,OnePlus6,
687944e3-6537-4932-89a7-4daa1ed55062.jpg,0,,,OnePlus6,
3b260cfd-1f40-4dd4-bfc6-9b1a8e573fab.jpg,0,,,OnePlus6,
5ced6c33-c3c4-4fd3-8667-2fd89eb7f319.jpg,0,,,OnePlus6,
0b31c480-795b-47fb-83ac-6e05884e8ef8.jpg,0,,,OnePlus6,
0a2613a6-0a94-4d8a-b622-fc00ec35125f.jpg,0,,,OnePlus6,
9900b0f1-639e-4fd0-bd4f-3670c363905f.jpg,0,,,OnePlus6,
aa2e46b5-c119-4ffe-afcd-e1681562148b.jpg,0,,,OnePlus6,
85b87584-9812-4343-a7f1-816654f69a61.jpg,0,,,OnePlus6,
64d81ee7-e1df-4e47-b2d0-66fdd9df5381.jpg,0,,,OnePlus6,
bda34516-4aa4-4242-ad1c-bae58db79106.jpg,0,,,OnePlus6,
2ea99b46-e034-4616-8c3f-644de43180f6.jpg,0,,,OnePlus6,
777c84d4-07da-4fbd-88b4-193199abc3a5.jpg,0,,,OnePlus6,
4d404be4-c56d-439d-8fd6-6935138c77e1.jpg,0,,,OnePlus6,
069976a8-6590-447b-a3ee-dd5f3782bd3b.jpg,0,,,OnePlus6,
3828dd10-90eb-468b-838c-d7576636d681.jpg,0,,,OnePlus6,
c4f3da0b-0fb9-4bb2-a904-c0afcbaac2d2.jpg,0,,,OnePlus6,
b97ee59c-7b7c-4bb9-9351-6cf4a41a4360.jpg,0,,,OnePlus6,
723ca8d9-f8c4-4a47-b368-bd1fb19b6b4c.jpg,0,,,OnePlus6,
61a8601f-dba9-415e-abd2-309552b79f07.jpg,0,,,OnePlus6,
5a089c4a-eab8-4687-9eff-e363699525f5.jpg,0,,,OnePlus6,
6b068556-bcc0-403b-b2ae-6579d1a1691a.jpg,0,,,OnePlus6,
0d035510-d4cd-4f0b-84d0-9696a6a0d5a3.jpg,0,,,OnePlus6,
feacd7c0-bb59-444b-8694-055ecec4447a.jpg,0,,,OnePlus6,
d7580737-2109-400a-bfbd-5620cbffb628.jpg,0,,,OnePlus6,
719ea82e-6b65-40d8-8c27-d9c929e5276c.jpg,0,,,OnePlus6,
c51b7e3a-2d84-4f54-bb13-2192f39adaa8.jpg,0,,,OnePlus6,
9861bd43-c85f-4a11-935b-8d1b26ce8c7b.jpg,0,,,OnePlus6,
c1479102-640a-437c-8db1-8e4fa889f350.jpg,0,,,OnePlus6,
b4188773-5c61-4825-bd8a-8d35dd77c2b1.jpg,0,,,OnePlus6,
dd57939e-fd3b-42f0-8b8c-625850fe6ee4.jpg,0,,,OnePlus6,
2861083e-f08e-41cf-9818-3b15e8e8c50f.jpg,0,,,OnePlus6,
5a39ecff-5f84-43a2-85cb-ad4058345fd0.jpg,0,,,OnePlus6,
3340f6b2-4b62-4f89-8dbe-1683febee9bc.jpg,0,,,OnePlus6,
93b2d814-f66c-4b4b-907f-d733d34a4ee9.jpg,0,,,OnePlus6,
1a4146fd-c727-48f4-9357-fa69abf83e97.jpg,0,,,OnePlus6,
0e1fb834-4b1a-4702-aa64-cc5dc98c7440.jpg,0,,,OnePlus6,
7b1d88ec-f654-4544-ae02-34dd8872d4d0.jpg,0,,,OnePlus6,
51719f89-df5e-468f-87f3-12129994bf69.jpg,0,,,OnePlus6,
1027b3f3-c143-4cc4-b740-de563505cc44.jpg,0,,,OnePlus6,
59073cb7-7f65-4b1c-af19-24287ba7b29d.jpg,0,,,OnePlus6,
040c11a9-8f8d-4b9d-9966-dd31e40deb82.jpg,0,,,OnePlus6,
b43a766d-272a-45a6-849a-3935bd86e1e0.jpg,0,,,OnePlus6,
bf427bfa-62d8-414e-9461-fcca57550a18.jpg,0,,,OnePlus6,
a6596ca6-29de-4e32-9439-e0300435318b.jpg,0,,,OnePlus6,
352861da-b319-4f1d-ab69-7266e53cdeb8.jpg,0,,,OnePlus6,
15aba8de-6eb8-4294-8d31-3cd5312f1479.jpg,0,,,OnePlus6,
eb026c64-887d-4053-9110-5ca5803a816a.jpg,0,,,OnePlus6,
8d960cd4-9189-4fe7-a0a5-9f7e78d31579.jpg,0,,,OnePlus6,
dfe68f55-9650-4ff0-84ff-5255405c56a8.jpg,0,,,OnePlus6,
46365a6a-35ea-4b02-b93c-ebfe8677fb91.jpg,0,,,OnePlus6,
f35ce7ff-9c0d-4373-9def-1492fe7f17b2.jpg,0,,,OnePlus6,
ba6c771d-ccf8-4b38-9f4d-153bf84d2861.jpg,0,,,OnePlus6,
b9d41dcc-0cd0-4813-b2ea-7478170ba66e.jpg,0,,,OnePlus6,
5ed961ef-33ca-4756-a4dd-5c27bc55b55c.jpg,0,,,OnePlus6,
f725cb58-d416-4169-b287-d9c30b74a894.jpg,0,,,OnePlus6,
16f7ccee-8d3e-461b-99ed-8d6f6a8210f4.jpg,0,,,OnePlus6,
bed5666a-4764-47d3-b60d-2e05ce1e6795.jpg,0,,,OnePlus6,
944e9ae8-adbb-426c-ad27-d776d18e441c.jpg,0,,,OnePlus6,
ba20ded5-7f3d-4244-b2d4-1fae929f8da0.jpg,0,,,OnePlus6,
ae98bcb3-b126-4f1c-9c8c-beea0ee76142.jpg,0,,,OnePlus6,
8399f57f-bf3b-4b05-ab83-04a7c50c5b8d.jpg,0,,,OnePlus6,
c1644f27-9c9b-4e4e-8091-d1291b6cc83a.jpg,0,,,OnePlus6,
8da43896-638c-4ad6-b605-27086da0c4a9.jpg,0,,,OnePlus6,
6ce59cc3-eecb-41e9-81c4-440dd2cf5988.jpg,0,,,OnePlus6,
605b9095-27f9-4762-81a8-ef514b811a75.jpg,0,,,OnePlus6,
e5d4eaa7-9742-41b2-b6bf-c585d2843c65.jpg,0,,,OnePlus6,
bd395fc2-83ed-44b4-bab3-7d3bc0155129.jpg,0,,,OnePlus6,
8494039f-aa3e-4e08-9f56-1a4a9efec54c.jpg,0,,,OnePlus6,
04d5edc4-bde0-42c4-9560-c516c04b8de6.jpg,0,,,OnePlus6,
54e45b9c-e5a7-4c4c-bf55-9e4e7eb56926.jpg,0,,,OnePlus6,
519fd32f-5c90-4c2a-b1be-5c4dcff3a2aa.jpg,0,,,OnePlus6,
9837acb0-57c4-43b7-ad70-0b6f41c1781e.jpg,0,,,OnePlus6,
abb52cf8-63de-4b96-a35e-08d40a5217ad.jpg,0,,,OnePlus6,
52115b3c-ab1d-4054-ad8b-7866cba05f64.jpg,0,,,OnePlus6,
d0f07c07-500d-4bfa-a5a5-28cf921fba71.jpg,0,,,redmi-note-6-pro,
9081bf7d-b165-4545-a83e-3207c8b34bf3.jpg,0,,,redmi-note-6-pro,
e438f8d1-ea1e-4bd6-bed3-27c684bc180c.jpg,0,,,redmi-note-6-pro,
e6edd22d-58c8-414d-a525-8994507ba450.jpg,0,,,redmi-note-6-pro,
3cb7e359-bd57-4738-b8a2-82782d30a49c.jpg,0,,,redmi-note-6-pro,
2efdeabd-c361-452f-a882-082957065eb8.jpg,0,,,redmi-note-6-pro,
a8d8d850-1751-47b7-be87-83ce71e7bd14.jpg,0,,,redmi-note-6-pro,
025fc91d-a1aa-43a3-82db-39f2e9119559.jpg,0,,,redmi-note-6-pro,
79754c88-c0de-4856-bd9a-590348f14062.jpg,0,,,redmi-note-6-pro,
ca8c7ef2-7496-40ad-878b-0f15fba06e66.jpg,0,,,redmi-note-6-pro,
d7fed5b7-927b-4610-b67d-87c50345cd5f.jpg,0,,,redmi-note-6-pro,
e28fc247-5495-444d-90e9-da2056bc5ce8.jpg,0,,,redmi-note-6-pro,
f74acb4f-9857-45b5-9ca9-969fa35e9674.jpg,0,,,redmi-note-6-pro,
97a5423b-59ac-43a4-b01e-30b8ac71e462.jpg,0,,,redmi-note-6-pro,
b7997292-6a7f-4e83-9d0b-715be157924a.jpg,0,,,redmi-note-6-pro,
bf74ff5f-374b-4a04-a9a0-63cbc4f31fd9.jpg,0,,,redmi-note-6-pro,
d26f1b63-0555-4bf9-a9e7-6f6ca8503c7f.jpg,0,,,redmi-note-6-pro,
83784d60-4cf9-4bef-bbaa-974b20f1a5e5.jpg,0,,,redmi-note-6-pro,
576ada94-1b15-46e1-8741-3e57b472fe4b.jpg,0,,,redmi-note-6-pro,
7a5e09ac-a278-4487-b9ec-e3160e8d926c.jpg,0,,,redmi-note-6-pro,
31bc7e09-9a45-41d2-b737-ae6bdefcebaf.jpg,0,,,redmi-note-6-pro,
91bbdcf5-0ebc-4627-b584-ff56d7799db8.jpg,0,,,redmi-note-6-pro,
04ddc099-10a7-4ef4-9f6f-096238a47248.jpg,0,,,redmi-note-6-pro,
1ab93691-2132-483b-b879-78e03c7915c8.jpg,0,,,redmi-note-6-pro,
f771c045-adba-4afe-a1c1-25939c5581f4.jpg,0,,,redmi-note-6-pro,
3e90aaf2-8dc0-4bbe-b3a6-a0c35dbb9010.jpg,0,,,redmi-note-6-pro,
109bb86e-48a5-47dc-96ea-031c636d5a3d.jpg,0,,,redmi-note-6-pro,
66d911bf-da0d-4eea-ad05-e527296a00b9.jpg,0,,,redmi-note-6-pro,
2d9d2daa-3588-4d4a-b26f-d2893ecfbfbf.jpg,0,,,redmi-note-6-pro,
bef79faa-4519-401b-9117-17e43f4acd9c.jpg,0,,,redmi-note-6-pro,
9c4e7ed3-5350-40b8-b70a-275e90891eeb.jpg,0,,,redmi-note-6-pro,
64327b8e-d6d8-4bc7-892b-db4ce555d045.jpg,0,,,redmi-note-6-pro,
20b5adf0-38de-49b6-a470-ea8ab879e6e6.jpg,0,,,redmi-note-6-pro,
78a21c3b-5f1f-42d4-bfe1-df05a011a420.jpg,0,,,redmi-note-6-pro,
2410de9b-dcc7-496e-8545-b24545796ece.jpg,0,,,redmi-note-6-pro,
f24d2071-9e92-4499-8c3e-e9ba8f3a16ae.jpg,0,,,redmi-note-6-pro,
4dd49fd5-59ad-496d-9c7b-4fe1ca92d42d.jpg,0,,,redmi-note-6-pro,
4251157b-2b6f-4d8b-b69f-e183076f8d35.jpg,0,,,redmi-note-6-pro,
8b2e63bb-49cb-4150-9ea8-3a1d824f496b.jpg,0,,,redmi-note-6-pro,
828bcce5-25e1-4ac3-91a3-1abb0684bea3.jpg,0,,,redmi-note-6-pro,
171ed0c4-dcde-4934-9334-68a5d55badc2.jpg,0,,,redmi-note-6-pro,
e741fc70-985a-4a98-92f0-b9f0eed3f6be.jpg,0,,,redmi-note-6-pro,
62996009-3b40-45ba-8fda-f59fe1c8ee31.jpg,0,,,redmi-note-6-pro,
72879362-f618-4898-b375-fcbbc22f635c.jpg,0,,,redmi-note-6-pro,
b214434a-7f2f-467f-9534-2b46bc5e82cc.jpg,0,,,redmi-note-6-pro,
b9efbb5c-5ea6-4381-8c79-3abb5220a656.jpg,0,,,redmi-note-6-pro,
c9d2777d-3d28-44e2-a17f-e087d1223bd6.jpg,0,,,redmi-note-6-pro,
0a08f8dd-2b7f-4a96-8074-fe12e888e104.jpg,0,,,redmi-note-6-pro,
d32e22aa-d8af-44b1-86a1-1d31070c7734.jpg,0,,,redmi-note-6-pro,
3f9a5d88-3b7e-4ac6-b62d-aceb62b168c0.jpg,0,,,redmi-note-6-pro,
e6dbaae4-d94f-4ab0-b841-8265a9880df2.jpg,0,,,redmi-note-6-pro,
f2a11906-7571-455d-9423-436e47f17c0f.jpg,0,,,redmi-note-6-pro,
ac9a4ac4-17ed-478f-ac73-13310bd20d8b.jpg,0,,,redmi-note-6-pro,
1f43c72d-73dd-404f-b2ee-54a9860499e6.jpg,0,,,redmi-note-6-pro,
a79993a3-24c3-4bd8-8b27-867066a96d09.jpg,0,,,Samsung A7,
32fcb05e-ecb8-4015-9329-ea4c797a6dd3.jpg,0,,,Samsung A7,
0aa4d101-3ece-48ad-a42a-7fc24aab7ddb.jpg,0,,,Samsung A7,
f189b6c3-ef5a-4461-8202-9192eaf63054.jpg,0,,,iphone5se,
c3a50b8e-573a-4bd1-91d6-38672c8099e2.jpg,0,,,iphone5se,
d35c2bcf-deb2-4164-a6f0-98c9db190373.jpg,0,,,redmi-note-4x,
bb4f1602-c6ff-4f4a-908f-b77af984078a.jpg,0,,,redmi-note-4x,
d8eea1dd-eaad-47e6-bc7a-8130b67e5ce3.jpg,0,,,redmi-note-4x,
c72bea6e-7502-4a0b-a3ad-b345bedfeb0b.jpg,0,,,redmi-note-4x,
9aa0f745-5c8d-45dd-9622-0e769a38a77c.jpg,0,,,redmi-note-4x,
d6bd9971-7186-45e6-9749-1058fc75459a.jpg,0,,,redmi-note-4x,
ac099fa0-59bd-4ab4-8b8c-2d3db971a62a.jpg,0,,,redmi-note-4x,
291a973a-23ad-46ba-b155-1ad96e767cb9.jpg,0,,,redmi-note-4x,
27cc19db-42a2-4dd4-9a60-3611247f9b31.jpg,0,,,redmi-note-4x,
61be0652-857d-4d15-8daf-d72233a09ab3.jpg,0,,,redmi-note-4x,
fe5aef7d-6780-480d-9296-68a89b524c79.jpg,0,,,redmi-note-4x,
5100191d-cd8a-412d-b43c-7a5bd524b894.jpg,0,,,redmi-note-4x,
398381a8-a9f5-48aa-ac42-906a700625fa.jpg,0,,,redmi-note-4x,
86268de5-2a86-4e3a-925b-6d830a4a18f2.jpg,0,,,redmi-note-4x,
fd83aae0-17f7-4624-af71-07ce54af1566.jpg,0,,,redmi-note-4x,
17832914-c20b-4ccc-9034-8f6edfda5d6e.jpg,0,,,redmi-note-4x,
ed99beeb-d92a-422a-833e-a05c728353bb.jpg,0,,,redmi-note-4x,
faf8a249-d6d3-4be6-b7e7-f742a8dedf5d.jpg,0,,,redmi-note-4x,
1cda56c5-31b7-4db6-b53b-60b34f525961.jpg,0,,,redmi-note-4x,
c2d970c3-b524-417f-9cad-033dc15a523a.jpg,0,,,redmi-note-4x,
47efd38c-07b9-4945-a624-c5a327c3c082.jpg,0,,,redmi-note-4x,
38e2d3c4-181e-48bd-8c66-c2905694f3c4.jpg,0,,,redmi-note-4x,
b195131f-4e58-4bed-b577-1400c70b4b99.jpg,0,,,redmi-note-4x,
